Log ID,Player ID,Test Name,Time Started,Time Ended
1,1,Go/No-Go Task,07/05/2017 12:07 PM,07/05/2017 12:08 PM
2,1,N-Back Task,07/05/2017 12:09 PM,07/05/2017 12:11 PM
3,1,Go/No-Go Task,07/05/2017 12:11 PM,07/05/2017 12:12 PM
4,1,Corsi Block-Tapping Task,07/05/2017 12:13 PM,07/05/2017 12:13 PM
5,1,Eriksen Flanker Task,07/05/2017 12:14 PM,07/05/2017 12:15 PM
6,1,Eriksen Flanker Task,07/05/2017 12:16 PM,07/05/2017 12:17 PM
7,1,N-Back Task,07/05/2017 2:43 PM,07/05/2017 2:45 PM
8,1,Corsi Block-Tapping Task,07/05/2017 3:08 PM,07/05/2017 3:09 PM
9,1,N-Back Task,07/06/2017 8:32 AM,07/06/2017 8:33 AM
10,1,Corsi Block-Tapping Task,07/06/2017 9:13 AM,07/06/2017 9:14 AM
11,1,Corsi Block-Tapping Task,07/06/2017 9:15 AM,07/06/2017 9:16 AM
12,2,Eriksen Flanker Task,07/06/2017 10:04 AM,07/06/2017 10:05 AM
13,3,Go/No-Go Task,07/06/2017 10:05 AM,07/06/2017 10:06 AM
14,2,Corsi Block-Tapping Task,07/06/2017 10:10 AM,07/06/2017 10:11 AM
15,2,Go/No-Go Task,07/06/2017 10:11 AM,07/06/2017 10:12 AM
16,2,N-Back Task,07/06/2017 10:15 AM,07/06/2017 10:16 AM
17,3,N-Back Task,07/06/2017 11:55 PM,07/06/2017 11:57 PM
18,3,N-Back Task,07/06/2017 11:59 PM,07/07/2017 12:00 AM 
19,3,Go/No-Go Task,07/07/2017 12:01 AM,07/07/2017 12:02 AM
20,3,Corsi Block-Tapping Task,07/07/2017 12:03 AM,07/07/2017 12:04 AM
21,3,Eriksen Flanker Task,07/07/2017 12:06 AM,07/07/2017 12:07 AM
22,5,Eriksen Flanker Task,7/18/2017 8:24 PM,7/18/2017 8:25 PM
23,5,Corsi Block-Tapping Task,7/18/2017 8:29 PM,7/18/2017 8:29 PM
24,7,Eriksen Flanker Task,7/19/2017 1:00 PM,7/19/2017 1:01 PM
25,8,Go/No-Go Task,07/19/2017 13:54,07/19/2017 13:55
26,8,Corsi Block-Tapping Task,07/19/2017 15:57,07/19/2017 15:57
27,14,Go/No-Go Task,07/19/2017 16:47,07/19/2017 16:47
28,14,Go/No-Go Task,07/19/2017 16:47,07/19/2017 16:47
29,14,Go/No-Go Task,07/19/2017 16:47,07/19/2017 16:47
30,15,Corsi Block-Tapping Task,07/19/2017 04:54,07/19/2017 04:55
31,14,Go/No-Go Task,07/19/2017 16:47,07/19/2017 16:47
33,23,Go/No-Go Task,07/19/2017 6:13 PM,07/19/2017 6:13 PM
34,18,Go/No-Go Task,07/19/2017 6:16 PM,07/19/2017 6:17 PM
35,18,Corsi Block-Tapping Task,07/19/2017 6:18 PM,07/19/2017 6:18 PM
36,18,N-Back Task,07/19/2017 6:19 PM,07/19/2017 6:20 PM
37,18,Eriksen Flanker Task,7/19/2017 6:20 PM,07/19/2017 6:20 PM
38,19,Go/No-Go Task,07/19/2017 18:34,07/19/2017 18:34
39,19,Corsi Block-Tapping Task,07/19/2017 18:35,07/19/2017 18:35
40,19,N-Back Task,07/19/2017 18:36,07/19/2017 18:36
41,19,Eriksen Flanker Task,07/19/2017 18:37,07/19/2017 18:38
42,15,Corsi Block-Tapping Task,07/19/2017 07:21,07/19/2017 07:21
43,15,Go/No-Go Task,07/19/2017 07:21,07/19/2017 07:22
44,15,Corsi Block-Tapping Task,07/19/2017 07:22,07/19/2017 07:22
45,15,Corsi Block-Tapping Task,07/19/2017 07:22,07/19/2017 07:22
46,15,Corsi Block-Tapping Task,07/19/2017 07:23,07/19/2017 07:23
48,20,Corsi Block-Tapping Task,07/19/2017 10:11,07/19/2017 10:11
49,20,Go/No-Go Task,07/19/2017 22:13,07/19/2017 22:13
50,21,Go/No-Go Task,07/19/2017 10:16,07/19/2017 10:16
51,20,Go/No-Go Task,07/19/2017 22:16,07/19/2017 22:16
52,20,Go/No-Go Task,07/19/2017 22:18,07/19/2017 22:18
53,20,N-Back Task,07/19/2017 22:19,07/19/2017 22:19
54,21,Go/No-Go Task,07/19/2017 10:20,07/19/2017 10:20
55,20,Corsi Block-Tapping Task,07/19/2017 22:20,07/19/2017 22:20
58,22,Eriksen Flanker Task,07/19/2017 22:22,07/19/2017 22:22
59,22,Go/No-Go Task,07/19/2017 22:23,07/19/2017 22:23
60,20,Eriksen Flanker Task,07/19/2017 22:21,07/19/2017 22:21
61,21,Corsi Block-Tapping Task,07/19/2017 10:27,07/19/2017 10:27
62,23,Eriksen Flanker Task,07/19/2017 10:28,07/19/2017 10:28
63,24,Go/No-Go Task,07/19/2017 22:28,07/19/2017 22:28
64,22,Eriksen Flanker Task,7/19/2017 10:30 PM,7/19/2017 10:31 PM
65,23,Go/No-Go Task,07/19/2017 10:32,07/19/2017 10:32
66,22,Go/No-Go Task,07/19/2017 22:35,07/19/2017 22:35
67,23,Go/No-Go Task,07/19/2017 10:41,07/19/2017 10:41
68,25,Go/No-Go Task,07/19/2017 10:42,07/19/2017 10:42
69,25,Corsi Block-Tapping Task,07/19/2017 10:43,07/19/2017 10:43
